{"cameraMode":{"drawMode":0,"name":"Shaded","section":"Shading Mode"},"sceneLighting":true,"audioPlay":false,"sceneViewState":{"m_AlwaysRefresh":false,"showFog":true,"showSkybox":true,"showFlares":true,"showImageEffects":true,"showParticleSystems":true,"showVisualEffectGraphs":true,"m_FxEnabled":true},"in2DMode":false,"pivot":{"x":-11.37324333190918,"y":5.437274932861328,"z":3.8434956073760988},"rotation":{"x":-0.30117037892341616,"y":0.016619550064206125,"z":-0.005815806332975626,"w":-0.9539856314659119},"size":12.516789436340332,"orthographic":false}